Z30_SUB_LIBRARY	Z30_COLLECTION	legacy_code	folio_code
*	*	*	TECHMIG
ACASP	AFAS	ACASP AFAS	AFAS
ACASP	AFASD	ACASP AFASD	AFASD
ACASP	AFASF	ACASP AFASF	AFASF
ACASP	AFASH	ACASP AFASH	AFASH
ACASP	AFASL	ACASP AFASL	AFASL
ACASP	AFASO	ACASP AFASO	AFASO
ACASP	AFASR	ACASP AFASR	AFASR
ACASP	AFAST	ACASP AFAST	AFAST
ACASP	AFASV	ACASP AFASV	AFASV
ACASP	AFASW	ACASP AFASW	AFASW
ACDEP	ACDEP	ACDEP ACDEP	ACDEP
ACDEP	ACDPM	ACDEP ACDPM	ACDPM
ACFST	AFAV	ACFST AFAV	AFEQP
ACFST	AFBLU	ACFST AFBLU	AFMED
ACFST	AFDRM	ACFST AFDRM	AFMED
ACFST	AFDVD	ACFST AFDVD	AFMED
ACFST	AFMAP	ACFST AFMAP	AFMAP
ACFST	AFMIC	ACFST AFMIC	AFMIC
ACFST	AFPER	ACFST AFPER	AFRST
ACFST	AFREF	ACFST AFREF	AFREF
ACFST	AFREP	ACFST AFREP	AFREP
ACFST	AFRES	ACFST AFRES	AFRES
ACFST	AFRFD	ACFST AFRFD	AFRFD
ACFST	AFROM	ACFST AFROM	AFMED
ACFST	AFRST	ACFST AFRST	AFRST
ACFST	AFVHS	ACFST AFVHS	AFMED
ACMED	ACFAY	ACMED ACFAY	ACFAY

ACMUS	AMRES	ACMUS AMRES	AMRES
ACMUS	AMRST	ACMUS AMRST	AMRST
ACMUS	AMSCO	ACMUS AMSCO	AMSCO
ACMUS	AMSD	ACMUS AMSD	AMSD
ACMUS	AMSTO	ACMUS AMSTO	AMSTO
ACMUS	AMUS	ACMUS AMUS	AMUS
ACMUS	AMUSP	ACMUS AMUSP	AMUSP
ACMUS	AMUSR	ACMUS AMUSR	AMUSR
ACRUS	AFRAL	ACRUS AFRAL	AFRAL
ACRUS	AFRFL	ACRUS AFRFL	AFRFL
ACRUS	AFRIV	ACRUS AFRIV	AFRIV
ACRUS	AFRJP	ACRUS AFRJP	AFRJP
ACRUS	AFRKU	ACRUS AFRKU	AFRKU
ACRUS	AFRLA	ACRUS AFRLA	AFRLA
ACRUS	AFRSA	ACRUS AFRSA	AFRSA
ACRUS	AFRTA	ACRUS AFRTA	AFRTA
ACRUS	AFRUC	ACRUS AFRUC	AFRUC
ACRUS	AFRUF	ACRUS AFRUF	AFRUF
ACRUS	AFRUR	ACRUS AFRUR	AFRUR
ACRUS	AFRUS	ACRUS AFRUS	AFRUS
ACSCI	ASCIR	ACSCI ASCIR	ASCIR
ACSCI	ASCIV	ACSCI ASCIV	ASCIV
MHASC	MASRF	MHASC MASRF	MASRF
MHASC	MDARC	MHASC MDARC	MDARC
MHASC	MDFAL	MHASC MDFAL	MDFAL
MHASC	MDLBC	MHASC MDLBC	MDLBC
MHASC	MMBFG	MHASC MMBFG	MMBFG
MHASC	MMTCU	MHASC MMTCU	MMTCU
MHASC	MMTDA	MHASC MMTDA	MMTDA
MHASC	MMTJU	MHASC MMTJU	MMTJU
MHASC	MMTLC	MHASC MMTLC	MMTLC
MHASC	MMTXT	MHASC MMTXT	MMTXT
MHLIB	MDHON	MHLIB MDHON	MDHON
MHLIB	MDMST	MHLIB MDMST	MDMST
MHLIB	MHDIA	MHLIB MHDIA	MHDIA
MHLIB	MHMFI	MHLIB MHMFI	MHMFI
MHLIB	MLEIB	MHLIB MLEIB	MLEIB
MHLIB	MLEIF	MHLIB MLEIF	MLEIF
MHLIB	MMAIN	MHLIB MMAIN	MMAIN
MHLIB	MMAUC	MHLIB MMAUC	MMAUC
MHLIB	MMAUS	MHLIB MMAUS	MMAUS
MHLIB	MMCUT	MHLIB MMCUT	MMCUT
MHLIB	MMFAC	MHLIB MMFAC	MMFAC
MHLIB	MMDSP	MHLIB MMDSP	MMDSP
MHLIB	MMIC	MHLIB MMIC	MMIC
MHLIB	MMNSP	MHLIB MMNSP	MMNSP
MHLIB	MMPER	MHLIB MMPER	MMPER
MHLIB	MMPDS	MHLIB MMPDS	MMPDS
MHLIB	MMREF	MHLIB MMREF	MMREF
MHLIB	MMRSV	MHLIB MMRSV	MMRSV
MHLIB	MMSTM	MHLIB MMSTM	MMSTM
MHLIB	MMSTP	MHLIB MMSTP	MMSTP
MHLIB	MMVID	MHLIB MMVID	MMVID
MHLIB	MQEQU	MHLIB MQEQU	MQEQU
MHLRC	MLRC	MHLRC MLRC	MLRC
MHLRC	MLRCF	MHLRC MLRCF	MLRCF
MHLRC	MLRCR	MHLRC MLRCR	MLRCR
MHPSL	MPEQU	MHPSL MPEQU	MPEQU
MHPSL	MPINS	MHPSL MPINS	MPINS
MHPSL	MPMCD	MHPSL MPMCD	MPMCD
MHPSL	MPOSC	MHPSL MPOSC	MPOSC
MHPSL	MPPER	MHPSL MPPER	MPPER
MHPSL	MPRAT	MHPSL MPRAT	MPRAT
MHPSL	MPRCD	MHPSL MPRCD	MPRCD
MHPSL	MPREF	MHPSL MPREF	MPREF
MHPSL	MPRSV	MHPSL MPRSV	MPRSV
MHPSL	MPVID	MHPSL MPVID	MPVID
MHSKM	MSKMU	MHSKM MSKMU	MSKMU
HCASC	HARCH	HCASC HARCH	HARCH
HCASC	HDIV	HCASC HDIV	HDIV
HCASC	HMOSE	HCASC HMOSE	HMOSE
HCASC	HSEYD	HCASC HSSEY	HSSEY
HCASC	HSPEC	HCASC HSPEC	HSPEC
HCMED	HFPEQ	HCMED HFPEQ	HFPEQ
HCLIB	HCRC	HCLIB HCRC	HCRC
HCLIB	HEQPT	HCLIB HEQPT	HEQPT
HCLIB	HGAME	HCLIB HGAME	HGAME
HCLIB	HMEDV	HCLIB HMEDV	HDVD
HCLIB	HMICR	HCLIB HMICR	HMICR
HCLIB	HMVHS	HCLIB HMVHS	HVHS
HCLIB	HPER	HCLIB HPER	HPER
HCLIB	HRECC	HCLIB HRECC	HRECC
HCLIB	HRECS	HCLIB HRECS	HRECS
HCLIB	HREF	HCLIB HREF	HREF
HCLIB	HRESO	HCLIB HRESO	HRESO
HCLIB	HRESV	HCLIB HRESV	HRESV
HCLIB	HSEED	HCLIB HSEED	HSEED
HCLIB	HSEYD	HCLIB HSEYD	HSEYD
HCLIB	HSKAE	HCLIB HSKAE	HSKAE
HCLIB	HSTAC	HCLIB HSTAC	HSTAC
HCLIB	HWRIG	HCLIB HWRIG	HWRIG
HCMED	HDART	HCMED HDART	HDART
HCMED	HMED	HCMED HMED	HMED
HCMED	HMEDF	HCMED HMEDF	HMEDF
HCMED	HMEDV	HCMED HMEDV	HMEDV
FCANN	FCANI	FCANN FCANI	FCANI
FCDPT	FCDPM	FCDPT FCDPM	FCDPM
FCDPT	FCDPS	FCDPT FCDPS	FCDPS
FCDPT	UTHES	FCDPT UTHES	UTHES
REN	RCCD	REN RCCD	RCCD
REN	RCCDR	REN RCCDR	RCCDR
REN	RCDB	REN RCDB	RCDB
REN	RCDV	REN RCDV	RCDV
REN	RCDVD	REN RCDVD	RCDVD
REN	RCFAC	REN RCFAC	RCFAC
REN	RCFIN	REN RCFIN	RCFIN
REN	RCGEN	REN RCGEN	RCGEN
REN	RCHEX	REN RCHEX	RCHEX
REN	RCKIN	REN RCKIN	RCKIN
REN	RCMOR	REN RCMOR	RCMOR
REN	RCMT	REN RCMT	RCMT
REN	RCMTP	REN RCMTP	RCMTP
REN	RCOS	REN RCOS	RCOS
REN	RCRAR	REN RCRAR	RCRAR
REN	RCVHS	REN RCVHS	RCVHS
SCANN	SXSTK	SCANN SXSTK	SXSTK
SCANN	SXSTL	SCANN SXSTL	SXSTL
SCANN	SXTHE	SCANN SXTHE	SXTHE
SCHIL	SACDR	SCHIL SACDR	SACDR
SCHIL	SALS	SCHIL SALS	SALS
SCHIL	SALSO	SCHIL SALSO	SALSO
SCHIL	SAMIC	SCHIL SAMIC	SAMIC
SCHIL	SAOVP	SCHIL SAOVP	SAOVP
SCHIL	SAOVR	SCHIL SAOVR	SAOVR
SCHIL	SAPER	SCHIL SAPER	SAPER
SCHIL	SAREF	SCHIL SAREF	SAREF
SCHIL	SARES	SCHIL SARES	SARES
SCHIL	SARFO	SCHIL SARFO	SARFO
SCHIL	SAROP	SCHIL SAROP	SAROP
SCHIL	SASB	SCHIL SASB	SASB
SCHIL	SASTK	SCHIL SASTK	SASTK
SCHIL	SASTR	SCHIL SASTR	SASTR
SCHIL	SATHE	SCHIL SATHE	SATHE
SCHIL	SAVD	SCHIL SAVD	SAVD
SCHIL	SCMOA	SCHIL SCMOA	SCMOA
SCJOS	SJC	SCJOS SJC	SJC
SCJOS	SJCDR	SCJOS SJCDR	SJCDR
SCJOS	SJCR	SCJOS SJCR	SJCR
SCJOS	SJHD	SCJOS SJHD	SJHD
SCJOS	SJIN	SCJOS SJIN	SJIN
SCJOS	SJMIC	SCJOS SJMIC	SJMIC
SCJOS	SJMTR	SCJOS SJMTR	SJMTR
SCJOS	SJO	SCJOS SJO	SJO
SCJOS	SJPER	SCJOS SJPER	SJPER
SCJOS	SJR	SCJOS SJR78	SJR78
SCJOS	SJRB	SCJOS SJRB	SJRB
SCJOS	SJREC	SCJOS SJREC	SJREC
SCJOS	SJRES	SCJOS SJRES	SJRES
SCJOS	SJRF	SCJOS SJRF	SJRF
SCJOS	SJRFV	SCJOS SJRFV	SJRFV
SCJOS	SJRFO	SCJOS SJRFO	SJRFO
SCJOS	SJRFQ	SCJOS SJRFQ	SJRFQ
SCJOS	SJRFT	SCJOS SJRFT	SJRFT
SCJOS	SJRR	SCJOS SJRR	SJRR
SCJOS	SJSB	SCJOS SJSB	SJSB
SCJOS	SJSFB	SCJOS SJSFB	SJSFB
SCJOS	SJSFF	SCJOS SJSFF	SJSFF
SCJOS	SJSFS	SCJOS SJSFS	SJSFS
SCJOS	SJSLP	SCJOS SJSLP	SJSLP
SCJOS	SJSMS	SCJOS SJSMS	SJSMS
SCJOS	SJSS	SCJOS SJSS	SJSS
SCJOS	SJTR	SCJOS SJTR	SJTR
SCJOS	SJTRF	SCJOS SJTRF	SJTRF
SCJOS	SJTU	SCJOS SJTU	SJTU
SCJOS	SJVD	SCJOS SJVD	SJVD
SCJOS	SJVDV	SCJOS SJVDV	SJVDV
SCJOS	SJVLD	SCJOS SJVLD	SJVLD
SCJOS	SJXCD	SCJOS SJXCD	SJXCD
SCJOS	SJXCF	SCJOS SJXCF	SJXCF
SCJOS	SJXCS	SCJOS SJXCS	SJXCS
SCNLS	SNHBK	SCNLS SNHBK	SNHBK
SCNLS	SNATL	SCNLS SNATL	SNATL
SCNLS	SNAUD	SCNLS SNAUD	SNAUD
SCNLS	SNBUR	SCNLS SNBUR	SNBUR
SCNLS	SNCAF	SCNLS SNCAF	SNCAF
SCNLS	SNCAV	SCNLS SNCAV	SNCAV
SCNLS	SNDVD	SCNLS SNDVD	SNDVD
SCNLS	SNEAL	SCNLS SNEAL	SNEAL
SCNLS	SNMSC	SCNLS SNMSC	SNMSC
SCNLS	SNOVR	SCNLS SNOVR	SNOVR
SCNLS	SNPOP	SCNLS SNPOP	SNPOP
SCNLS	SNPER	SCNLS SNPER	SNPER
SCNLS	SNPRM	SCNLS SNPRM	SNPRM
SCNLS	SNPRL	SCNLS SNPRL	SNPRL
SCNLS	SNREF	SCNLS SNREF	SNREF
SCNLS	SNRES	SCNLS SNRES	SNRES
SCNLS	SNROP	SCNLS SNROP	SNROP
SCNLS	SNSTK	SCNLS SNSTK	SNSTK
SCNLS	SNTXT	SCNLS SNTXT	SNTXT
SCNLS	SNWFI	SCNLS SNWFI	SNWFI
SCSPC	SCA	SCSPC SCA	SCA
SCSPC	SCSSC	SCSPC SCSSC	SCSSC
SCSPC	SPBRO	SCSPC SPBRO	SPBRO
SCSPC	SRBC	SCSPC SRBC	SRBC
SCSPC	SRBCR	SCSPC SRBCR	SRBCR
SCWST	STNFL	SCWST STNFL	STNFL
SCWST	STPER	SCWST STPER	STPER
SCWST	STSTK	SCWST STSTK	STSTK
UMDML	UMDIG	UMDML UMDIG	UMDIG
UMDUB	NCIP	UMDUB NCIP	NCIP
UMDUB	UCOL	UMDUB UCOL	UCOL
UMDUB	UDAVI	UMDUB UDAVI	UDAVI
UMDUB	UDGEN	UMDUB UDGEN	UDGEN
UMDUB	UDMAS	UMDUB UDMAS	UDMAS
UMDUB	UDMF	UMDUB UDMF	UDMF
UMDUB	UEA	UMDUB UEA	UEA
UMDUB	UEARC	UMDUB UEARC	UEARC
UMDUB	UEARF	UMDUB UEARF	UEARF
UMDUB	UEARJ	UMDUB UEARJ	UEARJ
UMDUB	UEARK	UMDUB UEARK	UEARK
UMDUB	UGEN	UMDUB UGEN	UMGEN
UMDUB	UJUV	UMDUB UJUV	UJUV
UMDUB	ULAS	UMDUB ULAS	UMGEN
UMDUB	ULCDK	UMDUB ULCDK	ULCDK
UMDUB	UMCD	UMDUB UMCD	UMCD
UMDUB	UMCR	UMDUB UMCR	UMSTOR
UMDUB	UMCVP	UMDUB UMCVP	UMCVP
UMDUB	UMDVD	UMDUB UMDVD	UMDVD
UMDUB	UMED	UMDUB UMED	UMED
UMDUB	UMFM	UMDUB UMFM	UMSTOR
UMDUB	UMFP	UMDUB UMFP	UMSTOR
UMDUB	UMFS	UMDUB UMFS	UMSTOR
UMDUB	UMLBW	UMDUB UMLBW	UMLBW
UMDUB	UMLDS	UMDUB UMLDS	UMSTOR
UMDUB	UMMCD	UMDUB UMMCD	UMMCD
UMMDA	UMMDV	UMMDA UMMDV	UMMDV
UMDUB	UMMED	UMDUB UMMED	UMMED
UMDUB	UMMFF	UMDUB UMMFF	UMSTOR
UMDUB	UMMFG	UMDUB UMMFG	UMMFG
UMDUB	UMMLP	UMDUB UMMLP	UMSTOR
UMDUB	UMMON	UMDUB UMMON	UMMON
UMDUB	UMMTP	UMDUB UMMTP	UMSTOR
UMDUB	UMMVD	UMDUB UMMVD	UMSTOR
UMDUB	UMP	UMDUB UMP	UMP
UMDUB	UMPA	UMDUB UMPA	UMPA
UMDUB	UMPCD	UMDUB UMPCD	UMPCD
UMDUB	UMPRF	UMDUB UMPRF	UMPRF
UMDUB	UMTPB	UMDUB UMTPB	UMSTOR
UMDUB	UMVD	UMDUB UMVD	UMSTOR
UMDUB	UNEA	UMDUB UNEA	UNEA
UMDUB	UNEWP	UMDUB UNEWP	UMLLR
UMDUB	UPER	UMDUB UPER	UMPER
UMDUB	UPERC	UMDUB UPERC	UMLLR
UMDUB	URFM	UMDUB URFM	URFM
UMDUB	URUD	UMDUB URUD	URUD
UMDUB	USCOS	UMDUB USCOS	USCOS
UMDUB	USTOL	UMDUB USTOL	USTOL
UMDUB	USTOY	UMDUB USTOY	UDGEN
UMDUB	USYS	UMDUB USYS	USYS
UMIDA	UICUR	UMIDA UICUR	UICUR
UMIDA	UIJUV	UMIDA UIJUV	UIJUV
UMIDA	UIREG	UMIDA UIREG	UIREG
UMIDA	UIRES	UMIDA UIRES	UIRES
UMIMA	UGEN	UMIMA UGEN	UMIMAGE
UMMDA	UAVE	UMMDA UAVE	UMEQP
UMMDA	UCRIC	UMMDA UCRIC	UCRIC
UMMDA	UDMF	UMMDA UDMF	UMSTOR
UMMDA	UEQP	UMMDA UEQP	UMEQP
UMMDA	UKEY	UMMDA UKEY	UKEY
UMMDA	UMCD	UMMDA UMCD	UMCD
UMMDA	UMDVD	UMMDA UMDVD	UMDVD
UMMDA	UMFIL	UMMDA UMFIL	UMFIL
UMMDA	UMFM	UMMDA UMFM	UMSTOR
UMMDA	UMFS	UMMDA UMFS	UMSTOR
UMMDA	UMMCD	UMMDA UMMCD	UMMCD
UMMDA	UMMFF	UMMDA UMMFF	UMSTOR
UMMDA	UMMVD	UMMDA UMMVD	UMSTOR
UMMDA	UMREP	UMMDA UMREP	UMREP
UMMDA	UMVD	UMMDA UMVD	UMSTOR
UMSCA	UARC	UMSCA UARC	UARC
UMSCA	UMAP	UMSCA UMAP	UMAP
UMSCA	USMF	UMSCA USMF	USMF
UMSCA	USPC	UMSCA USPC	USPC
UMSCA	USPCX	UMSCA USPCX	USPCX
UMSCA	USPRF	UMSCA USPRF	USPRF
UMSCI	UCD	UMSCI UCD	UCD
UMSCI	UEQP	UMSCI UEQP	USEQP
UMSCI	UGEN	UMSCI UGEN	USGEN
UMSCI	UMFF	UMSCI UMFF	UMFF
UMSCI	UNASA	UMSCI UNASA	UNASA
UMSCI	UPER	UMSCI UPER	USPER
UMSCI	UPTRC	UMSCI UPTRC	UPTRC
UMSCI	URF	UMSCI URF	URF
UMSCI	URFD	UMSCI URFD	URFD
UMSCI	USEED	UMSCI USEED	USEED
UMSCI	USTOS	UMSCI USTOS	USTOS
UMDUB	UCDEV	UMDUB UCDEV	UCDEV
UMDUB	UMANX	UMDUB UMANX	UMANX
UMDUB	UMTXK	UMDUB UMTXK	UMGEN
YMAIN	YSTCK	YMAIN YSTCK	YSTCK
SCNLS	SNROV	SCNLS SNROV	SNROV
MHLIB	MESCO	MHLIB MESCO	MESCO
MHLIB	MEAUD	MHLIB MEAUD	MEAUD
MHLIB	MENWS	MHLIB MENWS	MENWS
MHLIB	MERSV	MHLIB MERSV	MERSV
MHLIB	MEVID	MHLIB MEVID	MEVID
MHLIB	MEBKS	MHLIB MEBKS	MEBKS
MHLIB	METHS	MHLIB METHS	METHS
MHLIB	MERSC	MHLIB MERSC	MERSC
FCWWW	FCJSP	FCWWW FCJSP	FCJSP
UMDUB	UWWW	UMDUB UWWW	UMWWW
ACFST	EBEBL	ACFST EBEBL	AEBEBL
ACFST	CAMB	ACFST CAMB	ACAMB
ACFST	AFRI	ACFST AFRI	AAFRI
ACFST	ASLV	ACFST ASLV	AASLV
ACFST	AFIN	ACFST AFIN	AFIN
ACFST	EVANS	ACFST EVANS	AEVANS
ACFST	SHAW	ACFST SHAW	ASHAW
ACFST	AGEOW	ACFST AGEOW	AGEOW

HCLIB	HNET	HCLIB HNET	HNET
FCWWW	FCCLM	FCWWW FCCLM	FCCLM
FCWWW	FCDWC	FCWWW FCDWC	FCDWC
FCWWW	FD2BN	FCWWW FD2BN	FD2BN
FCWWW	FF2IM	FCWWW FF2IM	FF2IM
FCWWW	FG2DL	FCWWW FG2DL	FG2DL
FCWWW	FG2EU	FCWWW FG2EU	FG2EU
FCWWW	FG2MW	FCWWW FG2MW	FG2MW
FCWWW	FG2NU	FCWWW FG2NU	FG2NU
FCWWW	FH2WI	FCWWW FH2WI	FH2WI
FCWWW	FM3CH	FCWWW FM3CH	FM3CH
FCWWW	FM3LD	FCWWW FM3LD	FM3LD
FCWWW	FM3N5	FCWWW FM3N5	FM3N5
FCWWW	FM3N9	FCWWW FM3N9	FM3N9
FCWWW	FR3WS	FCWWW FR3WS	FR3WS
FCWWW	FS3WL	FCWWW FS3WL	FS3WL
FCWWW	FT3JP	FCWWW FT3JP	FT3JP
FCWWW	FV4CH	FCWWW FV4CH	FV4CH
FCWWW	FY4N1	FCWWW FY4N1	FY4N1
FCWWW	FZ4V1	FCWWW FZ4V1	FZ4V1
SCNLS	SCINT	SCNLS SCINT	SCINT
ACMED	AFEQP	ACMED AFEQP	ACMMS
MHLIB	MEACO	MHLIB MEACO	MEACO
MHLIB	MMNWB	MHLIB MMNWB	MMNWB
FCWWW	FCFRE	FCWWW FCFRE	FCFRE
FCWWW	FCDWS	FCWWW FCDWS	FCDWS
SCNLS	SN3RD	SCNLS SN3RD	SN3RD
SCNLS	SNCLA	SCNLS SNCLA	SNCLA
SCANN	SASTK	SCANN SASTK	SASTK
ACFST	AFRX	ACFST AFRX	AFRX
ACFST	AFRNX	ACFST AFRNX	AFRNX
ACFST	AFRXX	ACFST AFRXX	AFRXX
UMDUB	UMCVP	UMDUB UMCVP	TECHMIG
UMDUB	UMANX	UMDUB UMANX	TECHMIG
UMDUB	UCDEV	UMDUB UCDEV	TECHMIG
UMDUB	UCDEV	UMDUB UCDEV	TECHMIG
UMDML	UMDIG	UMDML UMDIG	UM Digital Media Lab
HCLIB	HNET	HCLIB HNET	TECHMIG